create table marker_type
(
    id   int4 generated by default as identity,
    name varchar(30),
    primary key (id)
);
create table marker_type_relations
(
    type_id   int8 not null,
    marker_id int4 not null,
    primary key (type_id, marker_id)
);
create table markers
(
    id      int8 generated by default as identity,
    address varchar(50),
    lat     float8 not null,
    lng     float8 not null,
    name    varchar(50),
    primary key (id)
);
create table message
(
    id        int8 generated by default as identity,
    date_time timestamp,
    message   varchar(255),
    username  varchar(255),
    user_id   int8,
    primary key (id)
);
create table question_types
(
    question_id int4 not null,
    type_id     int4 not null,
    primary key (question_id, type_id)
);
create table roles
(
    id   int4 generated by default as identity,
    name varchar(20),
    primary key (id)
);
create table test_types
(
    id   int4 generated by default as identity,
    type varchar(20),
    primary key (id)
);
create table test_answer
(
    id          int4 generated by default as identity,
    answer      varchar(255),
    correct     boolean,
    question_id int4 not null,
    primary key (id)
);
create table test_question
(
    id       int4 generated by default as identity,
    question varchar(255),
    primary key (id)
);
create table user_roles
(
    user_id int8 not null,
    role_id int4 not null,
    primary key (user_id, role_id)
);
create table users
(
    id       int8 generated by default as identity,
    email    varchar(50),
    password varchar(120),
    username varchar(20),
    primary key (id)
);
create table users_messages
(
    user_id     int8 not null,
    messages_id int8 not null
);
alter table if exists users
    add constraint UKr43af9ap4edm43mmtq01oddj6 unique (username);
alter table if exists users
    add constraint UK6dotkott2kjsp8vw4d0m25fb7 unique (email);
alter table if exists users_messages
    add constraint UK_9ybe7v51r6kklm7ecxyu5glp unique (messages_id);
alter table if exists marker_type_relations
    add constraint FKt40ktcdoxsqc8h1jfaavaeymx foreign key (marker_id) references marker_type;
alter table if exists marker_type_relations
    add constraint FKdfm7i5xc2w145xkqajt31s9cs foreign key (type_id) references markers;
alter table if exists message
    add constraint FKpdrb79dg3bgym7pydlf9k3p1n foreign key (user_id) references users;
alter table if exists question_types
    add constraint FKv488kujtxwf6psfbdig5q0rf foreign key (type_id) references test_types;
alter table if exists question_types
    add constraint FKblb771ed4ln73hp26et40s457 foreign key (question_id) references test_question;
alter table if exists test_answer
    add constraint FKbf2tycbis8mjw1gmadi4940gl foreign key (question_id) references test_question;
alter table if exists user_roles
    add constraint FKh8ciramu9cc9q3qcqiv4ue8a6 foreign key (role_id) references roles;
alter table if exists user_roles
    add constraint FKhfh9dx7w3ubf1co1vdev94g3f foreign key (user_id) references users;
alter table if exists users_messages
    add constraint FK7wyvj23qj3bra1snwrhwvouwt foreign key (messages_id) references message;
alter table if exists users_messages
    add constraint FK3tpfu7mudlhpcrh6xufdkexha foreign key (user_id) references users;

INSERT INTO roles
VALUES (1, 'ROLE_USER'),
       (2, 'ROLE_MODERATOR'),
       (3, 'ROLE_ADMIN');


INSERT INTO test_types
VALUES (1, 'RUSSIAN'),
       (2, 'HISTORY'),
       (3, 'BASIS_OF_LEGISLATION');


INSERT INTO test_question
VALUES (1, 'Первое единое русское государство имело название'),
       (2, 'При каком князе было принято христианство на Руси?'),
       (3, 'Центрами древнерусского государства были города'),
       (4,
        'С чьим именем связаны победы над шведами (Невская битва, 1240 г.) и над немецкими рыцарями (Ледовое побоище, 1242 г.)… '),
       (5, 'Андрей Рублёв является автором…'),
       (6, 'Освобождение Руси от ордынской зависимости произошло ... '),
       (7,
        'Кто был назначен главнокомандующим русской армией в период Отечественной войны против Наполеона в августе 1812 года…'),
       (8, 'Присоединение Крымского полуострова к России в конце XVIII века произошло при… '),
       (9, 'Л.Н. Толстой – это известный русский… '),
       (10, 'В Санкт-Петербурге находится памятник основателю города - «Медный всадник», кому он посвящён?'),
       (11, 'Реформы, проводимые М.С. Горбачёвым, назывались… '),
       (12, 'Коллективизация – это… '),
       (13, 'СССР распался в … '),
       (14,
        'Великая Отечественная война Союза Советских Социалистических Республик против вторгшихся на советскую территорию нацистской Германии и её европейских союзников была в… '),
       (15,
        'Как называлась битва, которая явилась решающим сражением в ходе Великой Отечественной войны, в результате которой советские войска одержали победу… '),
       (16, 'Что произошло 12 декабря 1993?'),
       (17, '8 марта в России отмечают праздник… '),
       (18, 'Терешкова В.В. – это первая в мире женщина-… '),
       (19, 'К какой языковой семье относится славянский язык?'),
       (20, 'Территория расселения восточных славян'),
       (21, ' Мой друг студент. Он ... в университете'),
       (22, ' Он ... математикой и другими предметами'),
       (23, ' Вчера я ... со своей подругой'),
       (24, ' Она ... мне много интересного о новой выставке'),
       (25, ' Антон ... Игоря купить билеты в кино'),
       (26, ' Игорь ... Антона, сколько билетов ему нужно'),
       (27, ' Андрей никогда не учился играть в теннис. Он не ... теннисом'),
       (28, ' Я взял в библиотеке ... И.Г. Петровского'),
       (29, ' Этот ... был ректором Московского университета'),
       (30, ' Скажи, ... ты поедешь на каникулы?'),
       (31, ' Я очень хочу поехать в Америку, потому что ... там не был'),
       (32, ' Я школьник и ... не знаю, в каком институте буду учиться'),
       (33, ' А мой брат ... поступил в экономический институт'),
       (34, ' Виталий жил ... , потому что у него не было своей квартиры'),
       (35, ' У них мало ... , но иногда они ездят отдыхать'),
       (36, ' Его мама всегда хотела, чтобы сын стал ... '),
       (37, ' Биология- ... '),
       (38, ' В 1861 году ... создали первый в России научно-популярный журнал "Вокруг света"'),
       (39, ' Биологи организуют их ... России'),
       (40, ' Город Калуга стал ... Х Олимпиады'),
       (41,
        ' Осквернение зданий или иных сооружений, порча имущества в общественном транспорте или в иных общественных местах'),
       (42, ' Какой из видов ответственности возможен в РФ только по суду?'),
       (43, ' Какое правонарушение является уголовным?'),
       (44, ' Что в соответствии с УК РФ является обстоятельством, смягчающим вину?'),
       (45, ' Гражданин РФ может быть лишен гражданства РФ в случае'),
       (46, ' Обязательным условием для вступления в гражданство РФ является'),
       (47, ' Брачный возраст в Российской Федерации наступает с'),
       (48, ' Согласно Семейному кодексу РФ право на решение вопросов семейной жизни принадлежит'),
       (49, ' Какое условие обязательно для заключения брака в РФ?'),
       (50, ' По Конституции РФ Россия является'),
       (51,
        ' Надзор за точным и единообразным исполнением законов всеми государственными органами, предприятиями, учреждениями, организациями, гражданами осуществляет'),
       (52, ' К правоохранительным органам в РФ относится'),
       (53, ' Документ, в котором конкретно определяются взаимные права и обязанности работника и работодателя'),
       (54, ' Увольнение работника в РФ по инициативе администрации происходит в случае'),
       (55, ' При увольнении по собственному желанию необходимо'),
       (56, ' В случае утери паспорта иностранный гражданин должен ... '),
       (57, ' Брак между усыновителями и усыновлёнными в РФ ... '),
       (58, ' При угоне автомобиля без цели хищения гражданин привлекается ... '),
       (59, ' При нарушении миграционного законодательства иностранный гражданин может быть лишён права въезда в РФ'),
       (60, ' При нарушении в РФ трудовых прав иностранные граждане могут обратиться ... ');



INSERT INTO test_answer
VALUES (1, 'Новгородская Русь', false, 1),
       (2, 'Киевская Русь', true, 1),
       (3, 'Владимирская Русь', false, 1),
       (4, 'Святославе', false, 2),
       (5, 'Рюрике', false, 2),
       (6, 'Владимире', true, 2),
       (7, 'Киев и Москва', false, 3),
       (8, 'Киев и Новгород', true, 3),
       (9, 'Киев и Чернигов', false, 3),
       (10, 'Владимир Святославович', false, 4),
       (11, 'Ярослав Владимирович (Мудрый)', false, 4),
       (12, 'Александр Ярославич Невский', true, 4),
       (13, 'иконы «Троица»', true, 5),
       (14, 'романа «Преступление и наказание»', false, 5),
       (15, 'русского марша «Прощание славянки»', false, 5),
       (16, 'в XIII веке', false, 6),
       (17, 'в XV веке', true, 6),
       (18, 'в XIX веке', false, 6),
       (19, 'М.И. Кутузов', true, 7),
       (20, 'Г.К. Жуков', false, 7),
       (21, 'А.В. Суворов', false, 7),
       (22, 'Петре I', false, 8),
       (23, 'Екатерине II', true, 8),
       (24, 'Анне Иоанновне', false, 8),
       (25, 'писатель', true, 9),
       (26, 'ученый', false, 9),
       (27, 'режиссёр', false, 9),
       (28, 'Ивану IV (Грозному)', false, 10),
       (29, 'Петру I', true, 10),
       (30, 'Александру II', false, 10),
       (31, 'индустриализация', false, 11),
       (32, 'перестройка', true, 11),
       (33, 'коллективизация', false, 11),
       (34, 'политика по созданию крупных коллективных хозяйств', true, 12),
       (35, 'создания современной тяжелой промышленности, развитие металлургии, машиностроения', false, 12),
       (36, 'ликвидация безграмотности в 20-30-е годы XX века', false, 12),
       (37, '2000 году', false, 13),
       (38, '1993 году', false, 13),
       (39, '1991 году', true, 13),
       (40, '1812-1814 годах', false, 14),
       (41, '1853-1856 годах', false, 14),
       (42, '1941-1945 годах', true, 14),
       (43, 'Куликовская битва', false, 15),
       (44, 'Сталинградская битва', true, 15),
       (45, 'Бородинская битва', false, 15),
       (46, 'была принята Конституция РФ', true, 16),
       (47, 'был утверждён Государственный гимн РФ', false, 16),
       (48, 'была принята Декларация о государственном суверенитете РСФСР', false, 16),
       (49, 'День Победы', false, 17),
       (50, 'День народного единства', false, 17),
       (51, 'Международный женский день', true, 17),
       (52, 'президент', false, 18),
       (53, 'космонавт', true, 18),
       (54, 'Герой Советского Союза', false, 18),
       (55, 'к тюркской', false, 19),
       (56, 'к индоевропейской', true, 19),
       (57, 'к европейской', false, 19),
       (58, 'Восточная Азия', false, 20),
       (59, 'Восточно-Европейская равнина', true, 20),
       (60, 'Западная Европа', false, 20),
       (61, 'занимается', false, 21),
       (62, 'учит', false, 21),
       (63, 'учится', true, 21),
       (64, 'занимается', true, 22),
       (65, 'учит', false, 22),
       (66, 'изучает', false, 22),
       (67, 'показала', false, 23),
       (68, 'рассказала', false, 23),
       (69, 'разговаривала', true, 23),
       (70, 'посоветовала', false, 24),
       (71, 'показала', false, 24),
       (72, 'рассказала', true, 24),
       (73, 'спросил', false, 25),
       (74, 'попросил', false, 25),
       (75, 'рассказал', true, 25),
       (76, 'спросил', true, 26),
       (77, 'попросил', false, 26),
       (78, 'рассказал', false, 26),
       (79, 'интересуется', true, 27),
       (80, 'знает', false, 27),
       (81, 'умеет', false, 27),
       (82, 'ученик', false, 28),
       (83, 'учёный', false, 28),
       (84, 'учебник', true, 28),
       (85, 'ученик', false, 29),
       (86, 'учёный', true, 29),
       (87, 'учебник', false, 29),
       (88, 'никуда', false, 30),
       (89, 'никогда', false, 30),
       (90, 'куда', true, 30),
       (91, 'никуда', false, 31),
       (92, 'никогда', true, 31),
       (93, 'куда', false, 31),
       (94, 'ещё', true, 32),
       (95, 'уже', false, 32),
       (96, 'тоже', false, 32),
       (97, 'ещё', false, 33),
       (98, 'уже', true, 33),
       (99, 'тоже', false, 33),
       (100, 'маленькая комната', false, 34),
       (101, 'маленькую комнату', false, 34),
       (102, 'в маленькой комнате', true, 34),
       (103, 'свободное время', false, 35),
       (104, 'свободного времени', true, 35),
       (105, 'в свободное время', false, 35),
       (106, 'известным спортсменом', true, 36),
       (107, 'известный спортсмен', false, 36),
       (108, 'известного спортсмена', false, 36),
       (109, 'самая интересная наука', false, 37),
       (110, 'о самой интересной науке', true, 37),
       (111, 'самую интересную науку', false, 37),
       (112, 'русских учёных', false, 38),
       (113, 'русским учёным', false, 38),
       (114, 'русские учёные', true, 38),
       (115, 'в разные города', false, 39),
       (116, 'в разных городах', true, 39),
       (117, 'разные города', false, 39),
       (118, 'столица', false, 40),
       (119, 'столицей', true, 40),
       (120, 'столицу', false, 40),
       (121, 'терроризм', false, 41),
       (122, 'вандализм', true, 41),
       (123, 'дискриминация', false, 41),
       (124, 'административный арест', false, 42),
       (125, 'штраф', false, 42),
       (126, 'лишение свободы', true, 42),
       (127, 'невыход на работу без уважительной причины', false, 43),
       (128, 'хищение имущества', true, 43),
       (129, 'невыплата в срок арендной платы', false, 43),
       (130, 'явка с повинной', true, 44),
       (131, 'алкогольное опьянение', false, 44),
       (132, 'неоднократность преступления', false, 44),
       (133, 'совершения уголовного преступления особой тяжести', false, 45),
       (134, 'многолетнего проживания на территории иностранного государства', false, 45),
       (135, 'самостоятельного добровольного отказа от гражданства РФ', true, 45),
       (136, 'знание русского языка', true, 46),
       (137, 'наличие семьи', false, 46),
       (138, 'наличие родственников на территории РФ', false, 46),
       (139, '18 лет', true, 47),
       (140, '20 лет', false, 47),
       (141, '21 года', false, 47),
       (142, 'мужу', false, 48),
       (143, 'жене', false, 48),
       (144, 'совместно обоим супругам', true, 48),
       (145, 'экономическая самостоятельность жениха и невесты', false, 49),
       (146, 'взаимное добровольное согласие жениха и невесты', true, 49),
       (147, 'проживание жениха и невесты отдельно от родителей', false, 49),
       (148, 'федеративным государством', true, 50),
       (149, 'унитарным государством', false, 50),
       (150, 'автономией', false, 50),
       (151, 'адвокатура', false, 51),
       (152, 'прокуратура', true, 51),
       (153, 'полиция', false, 51),
       (154, 'Прокуратура РФ', true, 52),
       (155, 'Российская армия', false, 52),
       (156, 'Парламент РФ', false, 52),
       (157, 'трудовой кодекс РФ', false, 53),
       (158, 'трудовой договор', true, 53),
       (159, 'трудовая книжка', false, 53),
       (160, 'поступления в вуз', false, 54),
       (161, 'призыва на военную службу', false, 54),
       (162, 'прогула без уважительных причин', true, 54),
       (163, 'предупредить работодателя письменно за 2 недели', true, 55),
       (164, 'предупредить работодателя устно за три дня', false, 55),
       (165, 'уведомить отдел кадров заказным письмом о прекращении работы', false, 55),
       (166, 'обратиться в полицию', false, 56),
       (167, 'обратиться в консульство своего государства', true, 56),
       (168, 'немедленно уехать из страны', false, 56),
       (169, 'допускается', false, 57),
       (170, 'запрещается', true, 57),
       (171, 'допускается, если разница в возрасте не превышает 18 лет', false, 57),
       (172, 'к уголовной ответственности', true, 58),
       (173, 'к административной ответственности', false, 58),
       (174, 'к дисциплинарной ответственности', false, 58),
       (175, 'на 5 лет', true, 59),
       (176, 'на 1 год', false, 59),
       (177, 'на 10 лет', false, 59),
       (178, 'в суд', true, 60),
       (179, 'в ФМС', false, 60),
       (180, 'в полицию', false, 60);



INSERT INTO question_types
VALUES (1, 2),
       (2, 2),
       (3, 2),
       (4, 2),
       (5, 2),
       (6, 2),
       (7, 2),
       (8, 2),
       (9, 2),
       (10, 2),
       (11, 2),
       (12, 2),
       (13, 2),
       (14, 2),
       (15, 2),
       (16, 2),
       (17, 2),
       (18, 2),
       (19, 2),
       (20, 2),
       (21, 1),
       (22, 1),
       (23, 1),
       (24, 1),
       (25, 1),
       (26, 1),
       (27, 1),
       (28, 1),
       (29, 1),
       (30, 1),
       (31, 1),
       (32, 1),
       (33, 1),
       (34, 1),
       (35, 1),
       (36, 1),
       (37, 1),
       (38, 1),
       (39, 1),
       (40, 1),
       (41, 3),
       (42, 3),
       (43, 3),
       (44, 3),
       (45, 3),
       (46, 3),
       (47, 3),
       (48, 3),
       (49, 3),
       (50, 3),
       (51, 3),
       (52, 3),
       (53, 3),
       (54, 3),
       (55, 3),
       (56, 3),
       (57, 3),
       (58, 3),
       (59, 3),
       (60, 3);


INSERT INTO marker_type
VALUES (1, 'PASS_TRANSLATION'),
       (2, 'MIA'),
       (3, 'MIGRATION_CENTER');

INSERT INTO markers
VALUES (1, 'Сибиряков-Гвардейцев, 56', 54.94367, 82.895699, 'Перевод иностранных документов'),
       (2, 'Костычева, 1', 54.981469, 82.87696, 'Перевод иностранных документов'),
       (3, 'Проспект Карла Маркса, 30', 54.991966, 82.911941, 'Перевод иностранных документов'),
       (4, 'Красный проспект, 1', 55.020193, 82.92246, 'Перевод иностранных документов'),
       (5, 'Фрунзе 5', 55.036654, 82.916684, 'Перевод иностранных документов'),
       (6, 'Почтовый Лог, 1/1', 55.052087, 82.996921, 'Перевод иностранных документов'),
       (7, 'Сибиряков-Гвардейцев, 64', 54.937583, 82.896292, 'Отдел по вопросам миграции Кировского района'),
       (8, 'Костычева, 14', 54.98135, 82.875855, 'Отдел по вопросам миграции Ленинского района'),
       (9, 'Никитина, 70', 55.015015, 82.963953, 'Отдел по вопросам миграции Окрябрьского района'),
       (10, 'Проспект Дзержинского, 69', 55.059059, 82.981048, 'Отдел по вопросам миграции Дерзжинского района'),
       (11, 'Дуси Ковальчук, 396а', 55.064576, 82.927814, 'Отдел по вопросам миграции Заельцовского района'),
       (12, 'Октябрьская, 10', 55.023676, 82.91195, 'Отдел по вопросам миграции Центрального района'),
       (13, 'Есенина 1г', 55.05301, 82.996858, 'Миграционный центр');

INSERT INTO marker_type_relations
VALUES (1, 1),
       (2, 1),
       (3, 1),
       (4, 1),
       (5, 1),
       (6, 1),
       (7, 2),
       (8, 2),
       (9, 2),
       (10, 2),
       (11, 2),
       (12, 2),
       (13, 3);
-- password 123456
INSERT INTO users (email, password, username) VALUES ('root','$2a$10$I5ZTp/vC2Stw76hfERLsp.ilIauxLbssRLmP4Zi1VHrQ33fFsmbOi','root'),
                                                     ('user','$2a$10$I5ZTp/vC2Stw76hfERLsp.ilIauxLbssRLmP4Zi1VHrQ33fFsmbOi','user');
INSERT INTO user_roles VALUES (1,1),(1,2),(2,1);